FamID,Fis
AU,-0.012714244708553712
CEu,-0.008009533145248129
"NAm",-0.0025494314289296405
NZ,-0.001722472092599684
SAm,-0.03244314307796346
Sbo,0.18635340849202567
Slu1,0.1143791329636142
Slu2,-0.06057470753938093
