pop,G,pvalue
AU,11059.560622826686,0.001
CEu,9513.587472072613,0.002
"NAm",17450.20779504306,0.001
NZ,19423.45737717022,0.001
SAm,11250.917009710354,0.132
s208,250778.96258334507,0.001
s189,124482.27731840881,0.001
